{"textures":{"0":"bil:item/capybara/texture"},"elements":[{"from":[6.0,0.0,6.0],"to":[10.0,8.0,10.0],"faces":{"up":{"texture":"#0","tintindex":0,"uv":[10.5,1.0,9.5,0.0]},"west":{"texture":"#0","tintindex":0,"uv":[10.0,3.5,9.0,5.5]},"east":{"texture":"#0","tintindex":0,"uv":[9.0,3.5,10.0,5.5]},"south":{"texture":"#0","tintindex":0,"uv":[9.0,8.5,10.0,10.5]},"down":{"texture":"#0","tintindex":0,"uv":[2.0,9.5,1.0,10.5]},"north":{"texture":"#0","tintindex":0,"uv":[8.0,8.5,9.0,10.5]}},"rotation":{"axis":"y","angle":0.0,"origin":[8.0,0.0,8.0]}}],"display":{"head":{"rotation":[0.0,180.0,0.0]}}}