{"textures":{"0":"bil:item/elephant/elephant_hurt"},"elements":[{"from":[-16.0,-2.723404,4.9361706],"to":[0.34042597,13.617022,5.957447],"faces":{"up":{"texture":"#0","tintindex":0,"uv":[4.502,3.373,5.998,3.252]},"west":{"texture":"#0","tintindex":0,"uv":[5.127,7.0645,5.248,8.5605]},"east":{"texture":"#0","tintindex":0,"uv":[5.127,7.0645,5.248,8.5605]},"south":{"texture":"#0","tintindex":0,"uv":[3.748,5.5645,2.252,7.0605]},"down":{"texture":"#0","tintindex":0,"uv":[9.748,2.502,8.252,2.623]},"north":{"texture":"#0","tintindex":0,"uv":[2.252,5.5645,3.748,7.0605]}},"rotation":{"axis":"y","angle":0.0,"origin":[8.0,-21.106382,26.382978]}}],"display":{"head":{"rotation":[0.0,180.0,0.0]}}}