{"textures":{"0":"bil:item/elephant/elephant"},"elements":[{"from":[2.2400002,-16.0,1.52],"to":[13.76,7.04,14.48],"faces":{"up":{"texture":"#0","tintindex":0,"uv":[8.5605,4.6855,7.8145,3.8145]},"west":{"texture":"#0","tintindex":0,"uv":[3.127,7.0645,3.998,8.5605]},"east":{"texture":"#0","tintindex":0,"uv":[2.252,7.0645,3.123,8.5605]},"south":{"texture":"#0","tintindex":0,"uv":[8.373,6.127,7.627,7.623]},"down":{"texture":"#0","tintindex":0,"uv":[8.5605,4.6895,7.8145,5.5605]},"north":{"texture":"#0","tintindex":0,"uv":[6.873,7.627,6.127,9.123]}},"rotation":{"axis":"y","angle":0.0,"origin":[8.0,7.04,8.0]}}],"display":{"head":{"rotation":[0.0,180.0,0.0]}}}