{"textures":{"0":"bil:item/elephant/elephant_hurt"},"elements":[{"from":[5.3904276,-7.4377956,-6.654234],"to":[10.609572,8.219639,-1.4350891],"faces":{"up":{"texture":"#0","tintindex":0,"uv":[7.3105,1.998,6.752,1.4395]},"west":{"texture":"#0","tintindex":0,"uv":[0.5645,7.752,1.123,9.4355]},"east":{"texture":"#0","tintindex":0,"uv":[1.123,7.752,0.5645,9.4355]},"south":{"texture":"#0","tintindex":0,"uv":[0.002,7.752,0.5605,9.4355]},"down":{"texture":"#0","tintindex":0,"uv":[6.6855,7.002,6.127,7.5605]},"north":{"texture":"#0","tintindex":0,"uv":[6.877,7.627,7.4355,9.3105]}},"rotation":{"axis":"y","angle":0.0,"origin":[8.0,-17.006227,23.79078]}},{"from":[6.2602854,-15.780359,-4.4068413],"to":[9.739715,-6.2119284,-0.92741203],"faces":{"up":{"texture":"#0","tintindex":0,"uv":[8.1855,5.9355,7.8145,5.5645]},"west":{"texture":"#0","tintindex":0,"uv":[4.752,8.502,5.123,9.5605]},"east":{"texture":"#0","tintindex":0,"uv":[5.123,8.502,4.752,9.5605]},"south":{"texture":"#0","tintindex":0,"uv":[8.377,5.5645,8.748,6.623]},"down":{"texture":"#0","tintindex":0,"uv":[8.748,6.627,8.377,6.998]},"north":{"texture":"#0","tintindex":0,"uv":[4.752,8.502,5.123,9.5605]}},"rotation":{"axis":"x","angle":-22.5,"origin":[8.0,-10.996143,-2.087222]}}],"display":{"head":{"rotation":[0.0,180.0,0.0]}}}