{"textures":{"0":"bil:item/penguin/penguin"},"elements":[{"from":[3.5100002,5.26,4.01],"to":[12.49,16.24,11.99],"faces":{"up":{"texture":"#0","tintindex":0,"uv":[6.25,4.75,4.0,2.75]},"west":{"texture":"#0","tintindex":0,"uv":[2.0,2.75,4.0,5.5]},"east":{"texture":"#0","tintindex":0,"uv":[4.0,2.75,2.0,5.5]},"south":{"texture":"#0","tintindex":0,"uv":[2.25,0.0,4.5,2.75]},"down":{"texture":"#0","tintindex":0,"uv":[6.75,0.0,4.5,2.0]},"north":{"texture":"#0","tintindex":0,"uv":[0.0,0.0,2.25,2.75]}},"rotation":{"axis":"y","angle":0.0,"origin":[8.0,5.25,8.0]}}],"display":{"head":{"rotation":[0.0,180.0,0.0]}}}