{"textures":{"0":"bil:item/penguin/penguin"},"elements":[{"from":[6.5,1.25,6.0],"to":[7.5,10.25,10.0],"faces":{"up":{"texture":"#0","tintindex":0,"uv":[4.0,6.5,3.75,5.5]},"west":{"texture":"#0","tintindex":0,"uv":[6.25,2.0,7.25,4.25]},"east":{"texture":"#0","tintindex":0,"uv":[5.75,6.0,6.75,8.25]},"south":{"texture":"#0","tintindex":0,"uv":[5.5,6.75,5.75,9.0]},"down":{"texture":"#0","tintindex":0,"uv":[7.5,3.0,7.25,4.0]},"north":{"texture":"#0","tintindex":0,"uv":[5.25,6.75,5.5,9.0]}},"rotation":{"axis":"y","angle":0.0,"origin":[11.5,1.25,8.0]}}],"display":{"head":{"rotation":[0.0,180.0,0.0]}}}