{"variants":{"attached=false,disarmed=true,east=true,north=true,powered=false,south=true,west=false":[{"model":"minecraft:custom/block/stone/pebbles_4","x":0,"y":0,"uvlock":false,"weight":1}],"attached=false,disarmed=true,east=true,north=true,powered=false,south=true,west=true":[{"model":"minecraft:custom/block/stone/pebbles_2","x":0,"y":0,"uvlock":false,"weight":1}],"attached=false,disarmed=true,east=true,north=true,powered=true,south=true,west=false":[{"model":"minecraft:custom/block/stone/pebbles_3","x":0,"y":0,"uvlock":false,"weight":1}],"attached=false,disarmed=true,east=true,north=true,powered=true,south=true,west=true":[{"model":"minecraft:custom/block/stone/pebbles_1","x":0,"y":0,"uvlock":false,"weight":1}]}}