{"variants":{"age=0":[{"model":"minecraft:block/twisting_vines","x":0,"y":0,"uvlock":false,"weight":1}],"age=1":[{"model":"polymer:block/empty","x":0,"y":0,"uvlock":false,"weight":1}],"age=10":[{"model":"minecraft:block/twisting_vines","x":0,"y":0,"uvlock":false,"weight":1}],"age=11":[{"model":"minecraft:block/twisting_vines","x":0,"y":0,"uvlock":false,"weight":1}],"age=12":[{"model":"minecraft:block/twisting_vines","x":0,"y":0,"uvlock":false,"weight":1}],"age=13":[{"model":"minecraft:block/twisting_vines","x":0,"y":0,"uvlock":false,"weight":1}],"age=14":[{"model":"minecraft:block/twisting_vines","x":0,"y":0,"uvlock":false,"weight":1}],"age=15":[{"model":"minecraft:block/twisting_vines","x":0,"y":0,"uvlock":false,"weight":1}],"age=16":[{"model":"minecraft:block/twisting_vines","x":0,"y":0,"uvlock":false,"weight":1}],"age=17":[{"model":"minecraft:block/twisting_vines","x":0,"y":0,"uvlock":false,"weight":1}],"age=18":[{"model":"minecraft:block/twisting_vines","x":0,"y":0,"uvlock":false,"weight":1}],"age=19":[{"model":"minecraft:block/twisting_vines","x":0,"y":0,"uvlock":false,"weight":1}],"age=2":[{"model":"minecraft:block/twisting_vines","x":0,"y":0,"uvlock":false,"weight":1}],"age=20":[{"model":"minecraft:block/twisting_vines","x":0,"y":0,"uvlock":false,"weight":1}],"age=21":[{"model":"minecraft:block/twisting_vines","x":0,"y":0,"uvlock":false,"weight":1}],"age=22":[{"model":"minecraft:block/twisting_vines","x":0,"y":0,"uvlock":false,"weight":1}],"age=23":[{"model":"minecraft:block/twisting_vines","x":0,"y":0,"uvlock":false,"weight":1}],"age=24":[{"model":"minecraft:block/twisting_vines","x":0,"y":0,"uvlock":false,"weight":1}],"age=25":[{"model":"minecraft:block/twisting_vines","x":0,"y":0,"uvlock":false,"weight":1}],"age=3":[{"model":"minecraft:block/twisting_vines","x":0,"y":0,"uvlock":false,"weight":1}],"age=4":[{"model":"minecraft:block/twisting_vines","x":0,"y":0,"uvlock":false,"weight":1}],"age=5":[{"model":"minecraft:block/twisting_vines","x":0,"y":0,"uvlock":false,"weight":1}],"age=6":[{"model":"minecraft:block/twisting_vines","x":0,"y":0,"uvlock":false,"weight":1}],"age=7":[{"model":"minecraft:block/twisting_vines","x":0,"y":0,"uvlock":false,"weight":1}],"age=8":[{"model":"minecraft:block/twisting_vines","x":0,"y":0,"uvlock":false,"weight":1}],"age=9":[{"model":"minecraft:block/twisting_vines","x":0,"y":0,"uvlock":false,"weight":1}]}}