{
	"texture_size": [32, 32],
	"textures": {
		"0": "item/furniture/chairs/cherry_chair_with_cushion",
		"particle": "item/furniture/chairs/cherry_chair_with_cushion"
	},
	"elements": [
		{
			"from": [1, 0, 1],
			"to": [3, 8, 3],
			"faces": {
				"north": {"uv": [8, 4.5, 9, 8.5], "texture": "#0"},
				"east": {"uv": [7, 4.5, 8, 8.5], "texture": "#0"},
				"south": {"uv": [7, 4.5, 8, 8.5], "texture": "#0"},
				"west": {"uv": [8, 4.5, 9, 8.5], "texture": "#0"},
				"down": {"uv": [7, 2, 6, 3], "texture": "#0"}
			}
		},
		{
			"from": [1, 8, 1],
			"to": [15, 10, 14],
			"faces": {
				"north": {"uv": [7, 13, 14, 14], "texture": "#0"},
				"east": {"uv": [7, 11, 13.5, 12], "texture": "#0"},
				"south": {"uv": [7, 14, 14, 15], "texture": "#0"},
				"west": {"uv": [7, 12, 13.5, 13], "texture": "#0"},
				"up": {"uv": [16, 11, 9, 4.5], "texture": "#0"},
				"down": {"uv": [16, 4.5, 9, 11], "texture": "#0"}
			}
		},
		{
			"from": [2, 10, 2],
			"to": [14, 11, 13],
			"faces": {
				"north": {"uv": [6, 0, 12, 0.5], "texture": "#0", "tintindex": 0},
				"east": {"uv": [6, 1, 11.5, 1.5], "texture": "#0", "tintindex": 0},
				"south": {"uv": [6, 0.5, 12, 1], "texture": "#0", "tintindex": 0},
				"west": {"uv": [6, 1.5, 11.5, 2], "texture": "#0", "tintindex": 0},
				"up": {"uv": [6, 5.5, 0, 0], "texture": "#0", "tintindex": 0}
			}
		},
		{
			"from": [3, 20, 12.5],
			"to": [13, 23, 13.5],
			"faces": {
				"north": {"uv": [7, 3, 12, 4.5], "texture": "#0"},
				"south": {"uv": [7, 3, 12, 4.5], "texture": "#0"},
				"up": {"uv": [12, 3, 7, 2.5], "texture": "#0"},
				"down": {"uv": [12, 2, 7, 2.5], "texture": "#0"}
			}
		},
		{
			"from": [3, 15, 12.5],
			"to": [13, 18, 13.5],
			"faces": {
				"north": {"uv": [7, 3, 12, 4.5], "texture": "#0"},
				"south": {"uv": [7, 3, 12, 4.5], "texture": "#0"},
				"up": {"uv": [12, 3, 7, 2.5], "texture": "#0"},
				"down": {"uv": [12, 2, 7, 2.5], "texture": "#0"}
			}
		},
		{
			"from": [1, 0, 12],
			"to": [3, 24, 14],
			"faces": {
				"north": {"uv": [6, 3, 7, 15], "texture": "#0"},
				"east": {"uv": [6, 3, 7, 15], "texture": "#0"},
				"south": {"uv": [6, 3, 7, 15], "texture": "#0"},
				"west": {"uv": [6, 3, 7, 15], "texture": "#0"},
				"up": {"uv": [7, 3, 6, 2], "texture": "#0"},
				"down": {"uv": [7, 2, 6, 3], "texture": "#0"}
			}
		},
		{
			"from": [13, 0, 12],
			"to": [15, 24, 14],
			"rotation": {"angle": 0, "axis": "y", "origin": [16, 0, 0]},
			"faces": {
				"north": {"uv": [6, 3, 7, 15], "texture": "#0"},
				"east": {"uv": [6, 3, 7, 15], "texture": "#0"},
				"south": {"uv": [6, 3, 7, 15], "texture": "#0"},
				"west": {"uv": [6, 3, 7, 15], "texture": "#0"},
				"up": {"uv": [7, 3, 6, 2], "texture": "#0"},
				"down": {"uv": [7, 2, 6, 3], "texture": "#0"}
			}
		},
		{
			"from": [13, 0, 1],
			"to": [15, 8, 3],
			"rotation": {"angle": 0, "axis": "y", "origin": [16, 0, 0]},
			"faces": {
				"north": {"uv": [8, 4.5, 9, 8.5], "texture": "#0"},
				"east": {"uv": [7, 4.5, 8, 8.5], "texture": "#0"},
				"south": {"uv": [7, 4.5, 8, 8.5], "texture": "#0"},
				"west": {"uv": [8, 4.5, 9, 8.5], "texture": "#0"},
				"down": {"uv": [7, 2, 6, 3], "texture": "#0"}
			}
		}
	],
	"display": {
		"thirdperson_righthand": {
			"rotation": [75, 45, 0],
			"translation": [0, 2.5, 0],
			"scale": [0.375, 0.375, 0.375]
		},
		"thirdperson_lefthand": {
			"rotation": [75, 45, 0],
			"translation": [0, 2.5, 0],
			"scale": [0.375, 0.375, 0.375]
		},
		"firstperson_righthand": {
			"rotation": [0, 45, 0],
			"scale": [0.4, 0.4, 0.4]
		},
		"firstperson_lefthand": {
			"rotation": [0, 45, 0],
			"scale": [0.4, 0.4, 0.4]
		},
		"ground": {
			"translation": [0, 3, 0],
			"scale": [0.25, 0.25, 0.25]
		},
		"gui": {
			"rotation": [30, 135, 0],
			"translation": [0, -1.75, 0],
			"scale": [0.53, 0.53, 0.53]
		},
		"head": {
			"translation": [0, 14.5, 0]
		},
		"fixed": {
			"rotation": [-90, 0, 0],
			"translation": [0, 0, -16],
			"scale": [2, 2, 2]
		}
	}
}