{
	"credit": "Made with Blockbench",
	"textures": {
		"0": "block/custom/stone/pebbles",
		"particle": "block/custom/stone/pebbles"
	},
	"elements": [
		{
			"from": [9.28889, 0, 10.58671],
			"to": [12.28889, 2, 13.58671],
			"rotation": {"angle": 0, "axis": "y", "origin": [8.0733, 0.75, 8.08397]},
			"faces": {
				"north": {"uv": [6, 0, 9, 2], "texture": "#0"},
				"east": {"uv": [6, 2, 9, 4], "texture": "#0"},
				"south": {"uv": [3, 7, 6, 9], "texture": "#0"},
				"west": {"uv": [0, 6, 3, 8], "texture": "#0"},
				"up": {"uv": [3, 3, 0, 0], "rotation": 270, "texture": "#0"},
				"down": {"uv": [3, 3, 0, 6], "rotation": 90, "texture": "#0"}
			}
		},
		{
			"from": [4.65796, 0, 13.01869],
			"to": [7.65796, 2, 15.01869],
			"rotation": {"angle": -45, "axis": "y", "origin": [8.0733, 0.75, 8.08397]},
			"faces": {
				"north": {"uv": [3, 0, 6, 2], "texture": "#0"},
				"east": {"uv": [6, 7, 8, 9], "texture": "#0"},
				"south": {"uv": [3, 2, 6, 4], "texture": "#0"},
				"west": {"uv": [7, 4, 9, 6], "texture": "#0"},
				"up": {"uv": [5, 7, 3, 4], "rotation": 270, "texture": "#0"},
				"down": {"uv": [7, 4, 5, 7], "rotation": 90, "texture": "#0"}
			}
		},
		{
			"from": [5.53264, 0, 1.83397],
			"to": [9.53264, 1, 4.83397],
			"rotation": {"angle": -22.5, "axis": "y", "origin": [8.0733, 0.75, 8.08397]},
			"faces": {
				"north": {"uv": [3, 0, 7, 1], "texture": "#0"},
				"east": {"uv": [3, 5, 6, 6], "texture": "#0"},
				"south": {"uv": [3, 2, 7, 3], "texture": "#0"},
				"west": {"uv": [3, 4, 6, 5], "texture": "#0"},
				"up": {"uv": [3, 4, 0, 0], "rotation": 270, "texture": "#0"},
				"down": {"uv": [3, 4, 0, 8], "rotation": 90, "texture": "#0"}
			}
		}
	],
	"display": {
		"thirdperson_righthand": {
			"rotation": [75, 45, 0],
			"translation": [0.75, 2.25, 2.25],
			"scale": [0.375, 0.375, 0.375]
		},
		"thirdperson_lefthand": {
			"rotation": [75, 45, 0],
			"translation": [0.75, 2.25, 2.25],
			"scale": [0.375, 0.375, 0.375]
		},
		"firstperson_righthand": {
			"rotation": [0, 45, 0],
			"translation": [0.25, 4.5, 0],
			"scale": [0.4, 0.4, 0.4]
		},
		"firstperson_lefthand": {
			"rotation": [0, 45, 0],
			"translation": [0.25, 4.5, 0],
			"scale": [0.4, 0.4, 0.4]
		},
		"ground": {
			"translation": [0, 2, 0],
			"scale": [0.5, 0.5, 0.5]
		},
		"gui": {
			"rotation": [30, 225, 0],
			"translation": [-0.75, 6.5, 0],
			"scale": [1.08, 1.08, 1.08]
		},
		"head": {
			"translation": [0, 14.25, 0]
		},
		"fixed": {
			"rotation": [-90, 0, 0],
			"translation": [0, 0, -16],
			"scale": [2, 2, 2]
		}
	}
}