{"textures":{"0":"bil:item/mantaray/manta"},"elements":[{"from":[8.0,6.5,0.0],"to":[30.0,9.5,16.0],"faces":{"up":{"texture":"#0","tintindex":0,"uv":[2.75,2.25,5.5,0.0]},"west":{"texture":"#0","tintindex":0,"uv":[5.5,3.0,7.75,3.375]},"east":{"texture":"#0","tintindex":0,"uv":[5.5,2.625,7.75,3.0]},"south":{"texture":"#0","tintindex":0,"uv":[8.25,2.25,5.5,2.625]},"down":{"texture":"#0","tintindex":0,"uv":[5.5,2.25,2.75,4.5]},"north":{"texture":"#0","tintindex":0,"uv":[5.5,1.875,8.25,2.25]}},"rotation":{"axis":"y","angle":0.0,"origin":[19.0,5.5,5.0]}}],"display":{"head":{"rotation":[0.0,180.0,0.0]}}}