{"textures":{"0":"bil:item/mantaray/manta"},"elements":[{"from":[-0.5,6.0,8.0],"to":[16.5,10.0,16.0],"faces":{"up":{"texture":"#0","tintindex":0,"uv":[4.875,5.5,2.75,4.5]},"west":{"texture":"#0","tintindex":0,"uv":[4.25,5.625,5.25,6.125]},"east":{"texture":"#0","tintindex":0,"uv":[4.25,5.625,5.25,6.125]},"south":{"texture":"#0","tintindex":0,"uv":[5.5,3.75,7.625,4.25]},"down":{"texture":"#0","tintindex":0,"uv":[7.0,4.625,4.875,5.625]},"north":{"texture":"#0","tintindex":0,"uv":[5.5,3.375,7.625,3.875]}},"rotation":{"axis":"y","angle":0.0,"origin":[8.0,7.0,16.0]}}],"display":{"head":{"rotation":[0.0,180.0,0.0]}}}