{"textures":{"0":"bil:item/lobster/texture"},"elements":[{"from":[-0.5,9.0,5.0],"to":[4.5,9.0,12.0],"faces":{"up":{"texture":"#0","tintindex":0,"uv":[9.5,7.5,7.0,4.0]},"west":{"texture":"#0","tintindex":0,"uv":[0.0,0.0,3.5,0.0]},"east":{"texture":"#0","tintindex":0,"uv":[0.0,0.0,3.5,0.0]},"south":{"texture":"#0","tintindex":0,"uv":[0.0,0.0,2.5,0.0]},"down":{"texture":"#0","tintindex":0,"uv":[9.5,4.0,7.0,7.5]},"north":{"texture":"#0","tintindex":0,"uv":[0.0,0.0,2.5,0.0]}},"rotation":{"axis":"z","angle":22.5,"origin":[4.5,9.0,8.5]}}],"display":{"head":{"rotation":[0.0,180.0,0.0]}}}