{"textures":{"0":"bil:item/butterfly/variant2"},"elements":[{"from":[8.0,8.0,8.0],"to":[9.0,9.0,12.0],"faces":{"up":{"texture":"#0","tintindex":0,"uv":[6.0,6.0,5.0,2.0]},"west":{"texture":"#0","tintindex":0,"uv":[5.0,1.0,9.0,2.0]},"east":{"texture":"#0","tintindex":0,"uv":[5.0,0.0,9.0,1.0]},"south":{"texture":"#0","tintindex":0,"uv":[8.0,2.0,9.0,3.0]},"down":{"texture":"#0","tintindex":0,"uv":[7.0,2.0,6.0,6.0]},"north":{"texture":"#0","tintindex":0,"uv":[7.0,2.0,8.0,3.0]}},"rotation":{"axis":"y","angle":0.0,"origin":[8.0,8.0,10.0]}},{"from":[3.0,8.5,6.5],"to":[8.0,8.5,17.5],"faces":{"up":{"texture":"#0","tintindex":0,"uv":[5.0,11.0,0.0,0.0]},"west":{"texture":"#0","tintindex":0,"uv":[0.0,0.0,7.0,0.0]},"east":{"texture":"#0","tintindex":0,"uv":[0.0,0.0,7.0,0.0]},"south":{"texture":"#0","tintindex":0,"uv":[0.0,0.0,5.0,0.0]},"down":{"texture":"#0","tintindex":0,"uv":[5.0,0.0,0.0,11.0]},"north":{"texture":"#0","tintindex":0,"uv":[0.0,0.0,5.0,0.0]}},"rotation":{"axis":"z","angle":-22.5,"origin":[8.0,8.5,9.5]}},{"from":[9.0,8.5,6.5],"to":[14.0,8.5,17.5],"faces":{"up":{"texture":"#0","tintindex":0,"uv":[0.0,11.0,5.0,0.0]},"west":{"texture":"#0","tintindex":0,"uv":[0.0,0.0,7.0,0.0]},"east":{"texture":"#0","tintindex":0,"uv":[0.0,0.0,7.0,0.0]},"south":{"texture":"#0","tintindex":0,"uv":[0.0,0.0,5.0,0.0]},"down":{"texture":"#0","tintindex":0,"uv":[0.0,0.0,5.0,11.0]},"north":{"texture":"#0","tintindex":0,"uv":[0.0,0.0,5.0,0.0]}},"rotation":{"axis":"z","angle":22.5,"origin":[9.0,8.5,9.5]}},{"from":[9.0,9.0,5.0],"to":[9.0,11.0,8.0],"faces":{"up":{"texture":"#0","tintindex":0,"uv":[0.0,5.0,0.0,0.0]},"west":{"texture":"#0","tintindex":0,"uv":[7.0,3.0,10.0,5.0]},"east":{"texture":"#0","tintindex":0,"uv":[7.0,3.0,10.0,5.0]},"south":{"texture":"#0","tintindex":0,"uv":[0.0,0.0,0.0,4.0]},"down":{"texture":"#0","tintindex":0,"uv":[0.0,0.0,0.0,5.0]},"north":{"texture":"#0","tintindex":0,"uv":[0.0,0.0,0.0,4.0]}},"rotation":{"axis":"y","angle":-22.5,"origin":[9.0,8.0,8.0]}},{"from":[8.0,9.0,5.0],"to":[8.0,11.0,8.0],"faces":{"up":{"texture":"#0","tintindex":0,"uv":[0.0,5.0,0.0,8.0]},"west":{"texture":"#0","tintindex":0,"uv":[7.0,3.0,10.0,5.0]},"east":{"texture":"#0","tintindex":0,"uv":[7.0,3.0,10.0,5.0]},"south":{"texture":"#0","tintindex":0,"uv":[0.0,0.0,0.0,3.0]},"down":{"texture":"#0","tintindex":0,"uv":[0.0,0.0,0.0,3.0]},"north":{"texture":"#0","tintindex":0,"uv":[0.0,0.0,0.0,3.0]}},"rotation":{"axis":"y","angle":22.5,"origin":[8.0,8.0,8.0]}}],"display":{"head":{"rotation":[0.0,180.0,0.0]}}}