{
	"texture_size": [64, 64],
	"textures": {
		"0": "item/furniture/boards/acacia_dresser",
		"particle": "item/furniture/boards/acacia_dresser"
	},
	"elements": [
		{
			"from": [19, 0, 2],
			"to": [22, 2, 5],
			"faces": {
				"north": {"uv": [0, 15.25, 0.75, 15.75], "texture": "#0"},
				"east": {"uv": [0, 15.25, 0.75, 15.75], "texture": "#0"},
				"south": {"uv": [0, 15.25, 0.75, 15.75], "texture": "#0"},
				"west": {"uv": [0, 15.25, 0.75, 15.75], "texture": "#0"},
				"down": {"uv": [0.75, 14.5, 0, 15.25], "texture": "#0"}
			}
		},
		{
			"from": [-7, 2, 1],
			"to": [23, 31, 15],
			"faces": {
				"north": {"uv": [0, 0, 7.5, 7.25], "texture": "#0"},
				"east": {"uv": [7.5, 15.25, 11, 8], "texture": "#0"},
				"south": {"uv": [0, 7.25, 7.5, 14.5], "texture": "#0"},
				"west": {"uv": [11, 15.25, 7.5, 8], "texture": "#0"},
				"down": {"uv": [15.25, 0.25, 7.75, 3.75], "texture": "#0"}
			}
		},
		{
			"from": [-8, 31, 0],
			"to": [24, 32, 16],
			"faces": {
				"north": {"uv": [7.5, 0, 15.5, 0.25], "texture": "#0"},
				"east": {"uv": [11.25, 0.25, 15.25, 0.5], "texture": "#0"},
				"south": {"uv": [7.5, 0, 15.5, 0.25], "texture": "#0"},
				"west": {"uv": [15.25, 0.5, 11.25, 0.75], "texture": "#0"},
				"up": {"uv": [15.5, 4, 7.5, 8], "texture": "#0"},
				"down": {"uv": [15.5, 0, 7.5, 4], "texture": "#0"}
			}
		},
		{
			"from": [19, 0, 11],
			"to": [22, 2, 14],
			"faces": {
				"north": {"uv": [0, 15.25, 0.75, 15.75], "texture": "#0"},
				"east": {"uv": [0, 15.25, 0.75, 15.75], "texture": "#0"},
				"south": {"uv": [0, 15.25, 0.75, 15.75], "texture": "#0"},
				"west": {"uv": [0, 15.25, 0.75, 15.75], "texture": "#0"},
				"down": {"uv": [0.75, 14.5, 0, 15.25], "texture": "#0"}
			}
		},
		{
			"from": [-6, 0, 2],
			"to": [-3, 2, 5],
			"faces": {
				"north": {"uv": [0, 15.25, 0.75, 15.75], "texture": "#0"},
				"east": {"uv": [0, 15.25, 0.75, 15.75], "texture": "#0"},
				"south": {"uv": [0, 15.25, 0.75, 15.75], "texture": "#0"},
				"west": {"uv": [0, 15.25, 0.75, 15.75], "texture": "#0"},
				"down": {"uv": [0.75, 14.5, 0, 15.25], "texture": "#0"}
			}
		},
		{
			"from": [-6, 0, 11],
			"to": [-3, 2, 14],
			"faces": {
				"north": {"uv": [0, 15.25, 0.75, 15.75], "texture": "#0"},
				"east": {"uv": [0, 15.25, 0.75, 15.75], "texture": "#0"},
				"south": {"uv": [0, 15.25, 0.75, 15.75], "texture": "#0"},
				"west": {"uv": [0, 15.25, 0.75, 15.75], "texture": "#0"},
				"down": {"uv": [0.75, 14.5, 0, 15.25], "texture": "#0"}
			}
		}
	],
	"display": {
		"thirdperson_righthand": {
			"rotation": [75, 45, 0],
			"translation": [1.25, 2.5, -5.75],
			"scale": [0.34, 0.34, 0.34]
		},
		"thirdperson_lefthand": {
			"rotation": [75, 45, 0],
			"translation": [1.25, 2.5, -5.75],
			"scale": [0.34, 0.34, 0.34]
		},
		"firstperson_righthand": {
			"rotation": [0, 79, 0],
			"translation": [0, 0.25, 0],
			"scale": [0.25, 0.25, 0.25]
		},
		"firstperson_lefthand": {
			"rotation": [0, 79, 0],
			"translation": [0, 0.25, 0],
			"scale": [0.25, 0.25, 0.25]
		},
		"ground": {
			"translation": [0, 3, 0],
			"scale": [0.25, 0.25, 0.25]
		},
		"gui": {
			"rotation": [30, 135, 0],
			"translation": [0, -2.75, 0],
			"scale": [0.35, 0.35, 0.35]
		},
		"head": {
			"translation": [0, 12.5, 0]
		},
		"fixed": {
			"rotation": [-90, 0, 0],
			"translation": [16, 0, -16],
			"scale": [2, 2, 2]
		}
	}
}