{
	"parent": "stone",
	"texture_size": [64, 64],
	"textures": {
		"0": "item/furniture/boards/acacia_end_table_cabinet",
		"particle": "item/furniture/boards/acacia_end_table_cabinet"
	},
	"elements": [
		{
			"from": [1, 2, 1],
			"to": [15, 15, 15],
			"faces": {
				"north": {"uv": [3.5, 0, 7, 3.25], "texture": "#0"},
				"east": {"uv": [0, 0, 3.5, 3.25], "texture": "#0"},
				"south": {"uv": [0, 0, 3.5, 3.25], "texture": "#0"},
				"west": {"uv": [0, 0, 3.5, 3.25], "texture": "#0"}
			}
		},
		{
			"from": [0.5, 14, 0.5],
			"to": [15.5, 16, 15.5],
			"faces": {
				"north": {"uv": [3.75, 7.75, 7.5, 8.25], "texture": "#0"},
				"east": {"uv": [3.75, 7.75, 7.5, 8.25], "texture": "#0"},
				"south": {"uv": [3.75, 7.75, 7.5, 8.25], "texture": "#0"},
				"west": {"uv": [3.75, 7.75, 7.5, 8.25], "texture": "#0"},
				"up": {"uv": [3.75, 4, 7.5, 7.75], "texture": "#0"},
				"down": {"uv": [3.75, 4, 7.5, 7.75], "texture": "#0"}
			}
		},
		{
			"from": [0.5, 0, 0.5],
			"to": [15.5, 2, 15.5],
			"faces": {
				"north": {"uv": [7.75, 0, 7.25, 3.75], "rotation": 90, "texture": "#0"},
				"east": {"uv": [7.75, 0, 7.25, 3.75], "rotation": 90, "texture": "#0"},
				"south": {"uv": [7.75, 0, 7.25, 3.75], "rotation": 90, "texture": "#0"},
				"west": {"uv": [7.75, 0, 7.25, 3.75], "rotation": 90, "texture": "#0"},
				"up": {"uv": [0, 4, 3.75, 7.75], "texture": "#0"},
				"down": {"uv": [0, 8, 3.75, 11.75], "texture": "#0"}
			}
		}
	],
	"display": {
		"thirdperson_righthand": {
			"rotation": [75, 45, 0],
			"translation": [0, 2.5, 0],
			"scale": [0.375, 0.375, 0.375]
		},
		"thirdperson_lefthand": {
			"rotation": [75, 45, 0],
			"translation": [0, 2.5, 0],
			"scale": [0.375, 0.375, 0.375]
		},
		"firstperson_righthand": {
			"rotation": [0, 45, 0],
			"scale": [0.4, 0.4, 0.4]
		},
		"firstperson_lefthand": {
			"rotation": [0, 45, 0],
			"scale": [0.4, 0.4, 0.4]
		},
		"ground": {
			"translation": [0, 3, 0],
			"scale": [0.25, 0.25, 0.25]
		},
		"gui": {
			"rotation": [30, 135, 0],
			"scale": [0.625, 0.625, 0.625]
		},
		"fixed": {
			"rotation": [-90, 0, 0],
			"translation": [0, 0, -16],
			"scale": [2, 2, 2]
		}
	}
}