{
	"texture_size": [64, 64],
	"textures": {
		"0": "item/furniture/boards/birch_sidetable",
		"particle": "item/furniture/boards/birch_sidetable"
	},
	"elements": [
		{
			"from": [21, 0, 1],
			"to": [23, 2, 3],
			"faces": {
				"north": {"uv": [7.5, 8, 8, 8.5], "texture": "#0"},
				"east": {"uv": [7.5, 8.5, 8, 9], "texture": "#0"},
				"south": {"uv": [7.5, 8.5, 8, 9], "texture": "#0"},
				"west": {"uv": [7.5, 8, 8, 8.5], "texture": "#0"},
				"down": {"uv": [8, 8, 7.5, 8.5], "texture": "#0"}
			}
		},
		{
			"from": [-7, 0, 1],
			"to": [-5, 2, 3],
			"faces": {
				"north": {"uv": [7.5, 8, 8, 8.5], "texture": "#0"},
				"east": {"uv": [7.5, 8.5, 8, 9], "texture": "#0"},
				"south": {"uv": [7.5, 8.5, 8, 9], "texture": "#0"},
				"west": {"uv": [7.5, 8, 8, 8.5], "texture": "#0"},
				"down": {"uv": [8, 8, 7.5, 8.5], "texture": "#0"}
			}
		},
		{
			"from": [21, 0, 13],
			"to": [23, 2, 15],
			"faces": {
				"north": {"uv": [7.5, 8, 8, 8.5], "texture": "#0"},
				"east": {"uv": [7.5, 8.5, 8, 9], "texture": "#0"},
				"south": {"uv": [7.5, 8.5, 8, 9], "texture": "#0"},
				"west": {"uv": [7.5, 8, 8, 8.5], "texture": "#0"},
				"down": {"uv": [8, 8, 7.5, 8.5], "texture": "#0"}
			}
		},
		{
			"from": [-7, 0, 13],
			"to": [-5, 2, 15],
			"faces": {
				"north": {"uv": [7.5, 8, 8, 8.5], "texture": "#0"},
				"east": {"uv": [7.5, 8.5, 8, 9], "texture": "#0"},
				"south": {"uv": [7.5, 8.5, 8, 9], "texture": "#0"},
				"west": {"uv": [7.5, 8, 8, 8.5], "texture": "#0"},
				"down": {"uv": [8, 8, 7.5, 8.5], "texture": "#0"}
			}
		},
		{
			"from": [-7, 2, 1],
			"to": [23, 17, 15],
			"faces": {
				"north": {"uv": [0, 8, 7.5, 11.75], "texture": "#0"},
				"east": {"uv": [11, 10.75, 7.5, 14.5], "texture": "#0"},
				"south": {"uv": [8, 0, 15.5, 3.75], "texture": "#0"},
				"west": {"uv": [7.5, 10.75, 11, 14.5], "texture": "#0"},
				"down": {"uv": [7.75, 0.25, 0.25, 3.75], "texture": "#0"}
			}
		},
		{
			"from": [-8, 17, 0],
			"to": [24, 18, 16],
			"faces": {
				"north": {"uv": [0, 14.5, 8, 14.75], "texture": "#0"},
				"east": {"uv": [0, 11.75, 4, 12], "texture": "#0"},
				"south": {"uv": [0, 14.5, 8, 14.75], "texture": "#0"},
				"west": {"uv": [0, 12, 4, 12.25], "texture": "#0"},
				"up": {"uv": [8, 4, 0, 0], "texture": "#0"},
				"down": {"uv": [8, 0, 0, 4], "texture": "#0"}
			}
		}
	],
	"display": {
		"thirdperson_righthand": {
			"rotation": [75, 45, 0],
			"translation": [2.5, 3.25, -2.25],
			"scale": [0.375, 0.375, 0.375]
		},
		"thirdperson_lefthand": {
			"rotation": [75, 45, 0],
			"translation": [2.5, 3.25, -2.25],
			"scale": [0.375, 0.375, 0.375]
		},
		"firstperson_righthand": {
			"rotation": [0, 82, 0],
			"translation": [0, 1.25, 0],
			"scale": [0.3, 0.3, 0.3]
		},
		"firstperson_lefthand": {
			"rotation": [0, 82, 0],
			"translation": [0, 1.25, 0],
			"scale": [0.3, 0.3, 0.3]
		},
		"ground": {
			"translation": [0, 3, 0],
			"scale": [0.25, 0.25, 0.25]
		},
		"gui": {
			"rotation": [30, 135, 0],
			"translation": [0, -0.75, 0],
			"scale": [0.45, 0.45, 0.45]
		},
		"head": {
			"translation": [0, 12.5, 0]
		},
		"fixed": {
			"rotation": [-90, 0, 0],
			"translation": [16, 0, -16],
			"scale": [2, 2, 2]
		}
	}
}