{"textures":{"0":"bil:item/showmaster/showmaster_hurt"},"elements":[{"from":[3.5500002,15.549999,3.5500002],"to":[12.45,27.45,12.45],"faces":{"up":{"texture":"#0","tintindex":0,"uv":[8.0,1.0,7.0,0.0]},"west":{"texture":"#0","tintindex":0,"uv":[8.0,1.0,9.0,2.375]},"east":{"texture":"#0","tintindex":0,"uv":[6.0,1.0,7.0,2.375]},"south":{"texture":"#0","tintindex":0,"uv":[9.0,1.0,10.0,2.375]},"down":{"texture":"#0","tintindex":0,"uv":[9.0,0.0,8.0,1.0]},"north":{"texture":"#0","tintindex":0,"uv":[7.0,1.0,8.0,2.375]}},"rotation":{"axis":"y","angle":0.0,"origin":[8.0,-16.0,8.0]}},{"from":[2.0,15.0,2.0],"to":[14.0,16.0,14.0],"faces":{"up":{"texture":"#0","tintindex":0,"uv":[3.0,1.5,1.5,0.0]},"west":{"texture":"#0","tintindex":0,"uv":[3.0,1.5,4.5,1.625]},"east":{"texture":"#0","tintindex":0,"uv":[0.0,1.5,1.5,1.625]},"south":{"texture":"#0","tintindex":0,"uv":[4.5,1.5,6.0,1.625]},"down":{"texture":"#0","tintindex":0,"uv":[4.5,0.0,3.0,1.5]},"north":{"texture":"#0","tintindex":0,"uv":[1.5,1.5,3.0,1.625]}},"rotation":{"axis":"y","angle":0.0,"origin":[8.0,8.0,8.0]}},{"from":[3.5,15.5,3.5],"to":[12.5,17.5,12.5],"faces":{"up":{"texture":"#0","tintindex":0,"uv":[2.0,5.625,1.0,4.625]},"west":{"texture":"#0","tintindex":0,"uv":[2.0,5.625,3.0,5.75]},"east":{"texture":"#0","tintindex":0,"uv":[0.0,5.625,1.0,5.75]},"south":{"texture":"#0","tintindex":0,"uv":[3.0,5.625,4.0,5.75]},"down":{"texture":"#0","tintindex":0,"uv":[3.0,4.625,2.0,5.625]},"north":{"texture":"#0","tintindex":0,"uv":[1.0,5.625,2.0,5.75]}},"rotation":{"axis":"y","angle":0.0,"origin":[8.0,-16.0,8.0]}}],"display":{"head":{"rotation":[0.0,180.0,0.0]}}}