{"textures":{"0":"bil:item/tuna/texture"},"elements":[{"from":[8.0,-1.0,8.0],"to":[8.0,17.0,13.0],"faces":{"up":{"texture":"#0","tintindex":0,"uv":[0.0,0.0,0.0,1.25]},"west":{"texture":"#0","tintindex":0,"uv":[1.25,0.0,0.0,4.5]},"east":{"texture":"#0","tintindex":0,"uv":[0.0,0.0,1.25,4.5]},"south":{"texture":"#0","tintindex":0,"uv":[0.0,0.0,0.0,4.5]},"down":{"texture":"#0","tintindex":0,"uv":[0.0,0.0,0.0,1.25]},"north":{"texture":"#0","tintindex":0,"uv":[0.0,0.0,0.0,4.5]}},"rotation":{"axis":"y","angle":0.0,"origin":[8.0,10.25,7.5]}}],"display":{"head":{"rotation":[0.0,180.0,0.0]}}}