{"textures":{"0":"bil:item/tuna/texture"},"elements":[{"from":[6.5,5.0,8.0],"to":[9.5,11.0,14.0],"faces":{"up":{"texture":"#0","tintindex":0,"uv":[8.5,10.5,7.75,9.0]},"west":{"texture":"#0","tintindex":0,"uv":[7.0,3.75,8.5,5.25]},"east":{"texture":"#0","tintindex":0,"uv":[7.0,3.75,8.5,5.25]},"south":{"texture":"#0","tintindex":0,"uv":[7.0,9.0,7.75,10.5]},"down":{"texture":"#0","tintindex":0,"uv":[0.75,9.5,0.0,11.0]},"north":{"texture":"#0","tintindex":0,"uv":[6.25,9.0,7.0,10.5]}},"rotation":{"axis":"y","angle":0.0,"origin":[8.0,4.0,5.0]}}],"display":{"head":{"rotation":[0.0,180.0,0.0]}}}