{"textures":{"0":"bil:item/tuna/texture"},"elements":[{"from":[6.0,5.0,3.0],"to":[10.0,11.0,8.0],"faces":{"up":{"texture":"#0","tintindex":0,"uv":[10.0,1.25,9.0,0.0]},"west":{"texture":"#0","tintindex":0,"uv":[6.25,8.5,5.0,10.0]},"east":{"texture":"#0","tintindex":0,"uv":[5.0,8.5,6.25,10.0]},"south":{"texture":"#0","tintindex":0,"uv":[8.75,8.75,9.75,10.25]},"down":{"texture":"#0","tintindex":0,"uv":[10.0,1.25,9.0,2.5]},"north":{"texture":"#0","tintindex":0,"uv":[8.75,7.25,9.75,8.75]}},"rotation":{"axis":"y","angle":0.0,"origin":[8.0,4.0,21.0]}}],"display":{"head":{"rotation":[0.0,180.0,0.0]}}}